Borrower Number,Year 5,Year 10
1,0.39861826812738443,0.6714051449907379
2,0.4173236567128309,0.7065135416586985
3,0.4231832060716576,0.68866950559145
4,0.40630546830976677,0.688501149503254
5,0.3688918017751657,0.6774828169213629
6,0.4112642154317139,0.6631051460844983
7,0.37985841215700744,0.6552808577841
8,0.39981299630846945,0.659601120130638
9,0.3598359965343515,0.6487308611714508
10,0.43155398580223425,0.6982824443593898
11,0.3721363455567245,0.6780203450926624
12,0.42752300173412083,0.6916344198865623
13,0.42032230663610093,0.686910751456971
14,0.43197073274271447,0.6998851504346232
15,0.40613836689623173,0.6580390120554233
16,0.40561140761582903,0.6578054802743752
17,0.3843066402549583,0.6687347905853167
18,0.42856493466896517,0.6926297004265245
19,0.38796821558961847,0.6863200369972491
20,0.3863030653556968,0.6781246340589406
21,0.42554878720586764,0.7125087571337821
22,0.40588469357202495,0.6882434470018999
23,0.38558010659926034,0.6659426466687292
24,0.40519396393080587,0.6593331478676022
25,0.4171818294933014,0.6917109860323052
26,0.40199410784118406,0.7104094383617523
27,0.41021320737432354,0.6991896656654347
28,0.3343337907127897,0.6599416958450774
29,0.411586638759569,0.6864108302747125
30,0.40213026237045146,0.6833282954749603
31,0.4243258181509756,0.7123698985576492
32,0.3994000364951461,0.6785895298734721
33,0.37871550931106734,0.6903850068256555
34,0.43966521021723737,0.726269705567546
35,0.43167370387659454,0.6911877514967757
36,0.3256986547459284,0.6363461269047335
37,0.3998060758095029,0.6778053591504325
38,0.43591233298181664,0.7292353170740795
39,0.3811289796247149,0.6644918222452088
40,0.40604112309562834,0.687446380544902
41,0.4458395340363611,0.7058421235312251
42,0.40581786056996616,0.6949933749419606
43,0.3953324930814309,0.6978842465678863
44,0.3777432403630492,0.6826529982019092
45,0.44926772173569196,0.7171880958615058
46,0.3530280358499278,0.6699075265105091
47,0.3953324930814309,0.6873349094062196
48,0.33047482475525347,0.6479929642390097
49,0.4354234193397317,0.7150164696133154
50,0.428678904641293,0.7203534422860626
51,0.43985921069408174,0.6979677857640336
52,0.4205021558668842,0.7042461029603446
53,0.32903583617747434,0.632726593199954
54,0.4539923526200882,0.6944710943415204
55,0.37770731509449706,0.6572152859220075
56,0.39474710159202064,0.6876941846346821
57,0.45621257830462114,0.6894073380948911
58,0.3530421169602358,0.6146981388643953
59,0.37144209580555143,0.6851373906320135
60,0.3970003912024286,0.6908209208297624
61,0.4088439433761393,0.700991165969405
62,0.46821552782609965,0.7302274443264449
63,0.37647583984969357,0.6897215758156895
64,0.4066633548650721,0.6922758739946753
65,0.45768640398677485,0.7139589106925286
66,0.4274747893842029,0.6943603836038398
67,0.3841672474967913,0.6824330104749589
68,0.4113203709326051,0.6700268118065311
69,0.3905796154204847,0.6815117153364187
70,0.4484210600219225,0.6963896133693441
71,0.38381848995742984,0.6871170361584542
72,0.36935484512843475,0.7078124959635663
73,0.4653621751520529,0.7134250652321497
74,0.4265999517309639,0.6897886709370108
75,0.3781678064439332,0.6700059788422571
76,0.42721594320813505,0.6875918382198358
77,0.41755010607406373,0.6801579520590267
78,0.43827216943965497,0.6848206781258893
79,0.4373939601116843,0.7085913003351653
80,0.44164741843103306,0.7156474890266304
81,0.42160352551421965,0.6828494312938012
82,0.45191388189423465,0.7246120070897912
83,0.42106204137223335,0.7062377152971965
84,0.44190842443496925,0.6913888465295903
85,0.39573344688098766,0.6848156642146733
86,0.4128414883869911,0.6998205889720785
87,0.4387253452115699,0.7029660873756667
88,0.4334853797639353,0.7080031271102358
89,0.39794348491708,0.6896521454259423
90,0.4262439926885371,0.7090496517492526
91,0.4272195163926392,0.6930915443284804
92,0.40775578108341315,0.7165146610734978
93,0.43465127942638626,0.6943333975335281
94,0.4081124275916945,0.6789717847414047
95,0.410022860425875,0.6987023352661657
96,0.42854326052693803,0.7102237208673834
97,0.36908930390492345,0.6823526805706344
98,0.411586638759569,0.7045249349968041
99,0.42674831689979,0.7055042390399885
100,0.45332265667915306,0.692301334519291
101,0.4159538526466656,0.6651040703481668
102,0.4401969881875176,0.7004025083325759
103,0.45260467663910176,0.7040649408697411
104,0.45445839491053075,0.6934194395368323
105,0.38340871820723044,0.682188623764566
106,0.4219107887019601,0.6902739601492105
107,0.4038175178838156,0.6672357655560193
108,0.47107197204844387,0.7065375563640279
109,0.3999826177550685,0.6962108688655311
110,0.40025295485825474,0.703523237967367
111,0.41026023986507465,0.7050455329772778
112,0.42440903515222883,0.6882443384840826
113,0.4158636814748775,0.7015924453387234
114,0.3998060758095029,0.6712593547138546
115,0.4204534631689605,0.6844131570922029
116,0.41841556246547396,0.6776622464779243
117,0.44750033992252647,0.7333804538113677
118,0.40244889752245827,0.7016824669172517
119,0.4408040957906638,0.7214618996484856
120,0.4420595352777943,0.6897578327482965
121,0.38986086242555995,0.6901464364888255
122,0.3979447682703531,0.6928071734611901
123,0.4040032388960365,0.6980430462711139
124,0.3922571978181013,0.6865743765492148
125,0.38481872610271683,0.6604202313376066
126,0.4055751588494261,0.6781198677679561
127,0.3563409312613067,0.6568369233589295
128,0.42105332148278496,0.6940397794965891
129,0.40427327633539867,0.6834165664866206
130,0.39687702534284186,0.7071663219200686
131,0.41724553650073903,0.6938234038579352
132,0.39019016114230565,0.692995943920935
133,0.41164168960220626,0.6920941213590737
134,0.43284177567631543,0.7118206382230166
135,0.39104235711467517,0.67080918496157
136,0.4259394907250871,0.6932462174366111
137,0.4223072530858544,0.7132625503752499
138,0.42240816251944246,0.6888130292739965
139,0.40268711842701477,0.6541052528861975
140,0.4071942117920647,0.6705960123118495
141,0.4241503669597234,0.6998448510795185
142,0.36231741086608815,0.6597105390479869
143,0.4148489550249398,0.6993847409586975
144,0.39773852516729613,0.6629206779513273
145,0.4012025677840665,0.6542332407435134
146,0.40089355560013695,0.672805100195462
147,0.41049838306767905,0.6897012429865079
148,0.4035332929008719,0.6687962311309357
149,0.3731715047978469,0.669082459057678
150,0.38440961952748476,0.6881748866601225
151,0.41865468993312693,0.6892233137123236
152,0.4473419084295327,0.7008151034501467
153,0.39905953952695106,0.6938778435250367
154,0.40149485495830284,0.6790519012270484
155,0.383875961012229,0.6715992279956005
156,0.4105022101091862,0.6627242494325822
157,0.40332060110965495,0.6964270534026153
158,0.4096557638914231,0.6751301865996805
159,0.41224219268664763,0.6846432057158653
160,0.3949332593521545,0.6653255441319743
161,0.4409401745958208,0.7081039388029036
162,0.3608289963194885,0.6556564474558172
163,0.377487166472395,0.6699955565184705
164,0.45937256639931223,0.7106510616112263
165,0.43459285129627734,0.6683144779983382
166,0.43130976057946857,0.692947690759373
167,0.42462993662910387,0.7111923900421191
168,0.4093749748725297,0.6857967832271465
169,0.40581295816719276,0.6857059134321248
170,0.37299983212321197,0.6972543006108547
171,0.4116535584674358,0.6708504230973331
172,0.4295936573705952,0.6940951723321039
173,0.34025164466187563,0.6497529868163461
174,0.42183685834092854,0.6852927512439049
175,0.4244532811316082,0.7098013118324478
176,0.4079407069704414,0.6815034689438383
177,0.3617179639882854,0.6729299028850051
178,0.3975075009197504,0.6763367497391793
179,0.40174603272281495,0.6859622945239789
180,0.3580117182644029,0.6580434649819342
181,0.38679248044177195,0.671786676168151
182,0.4231032372725436,0.6877541873787907
183,0.40138492043316876,0.6808584721419187
184,0.3260679383692662,0.6218121925889463
185,0.4484054467896046,0.70895197020939
186,0.41450392946279657,0.6831156545694181
187,0.4702717323482286,0.7147528828361984
188,0.4167739271264652,0.7059620963696136
189,0.43944012251467257,0.7012157571306932
190,0.44529160656986844,0.7072052856063037
191,0.40424866702352313,0.7006104819386311
192,0.3792869686180027,0.673966129196225
193,0.3936560699126268,0.6883965830690078
194,0.3788873594675849,0.6527419658802232
195,0.41325108281614553,0.7086752518066238
196,0.44046092870345677,0.6900330445360568
197,0.4314647504301923,0.7085456545927327
198,0.42375317987466177,0.671131441014569
199,0.38828142241737573,0.6727528673335339
200,0.42751098038318414,0.7043186648899222
201,0.37770731509449706,0.6983618498891142
202,0.3898724405865549,0.6846076498090634
203,0.3633525493187624,0.6645999862597809
204,0.38297020904074697,0.6758456954475591
205,0.40332060110965495,0.6957834452918167
206,0.44205854573727377,0.6856116473773591
207,0.42990445740215355,0.7094459070144306
208,0.4073015105953103,0.685638995799118
209,0.4076965752024613,0.6800283085990397
210,0.42847750364062465,0.7053607367590871
211,0.36977679432218813,0.6663599735743869
212,0.40089355560013695,0.660001284996932
213,0.41952944281024185,0.7102509758394302
214,0.4227178177638371,0.701264533133884
215,0.3855345021426406,0.6569647962870527
216,0.3727051448733073,0.6769783039223877
217,0.4455938464835526,0.6747221213707522
218,0.41760322304136976,0.7124640285444627
219,0.3835037635443602,0.6615660923221682
220,0.4219075264391672,0.6968882195668062
221,0.4425564015484248,0.7115691265165931
222,0.4290835656885231,0.685612016557778
223,0.4117320549650675,0.6776385498233948
224,0.3471465178681963,0.6602210632222405
225,0.4170987801293663,0.7063930375813607
226,0.39328586159398105,0.6641568479535718
227,0.35610243814965736,0.6703124318372069
228,0.41192550328094535,0.6713543399760824
229,0.41334865559870837,0.688459727654644
230,0.3463541850220263,0.647761514882722
231,0.39950467255443356,0.6814317984294918
232,0.41086954725191205,0.7073660697572945
233,0.35733569764783646,0.6643437934045389
234,0.40483482451307684,0.6664922187164952
235,0.4101435373690828,0.6721230173055615
236,0.40064053136466526,0.6626902610071396
237,0.41471349191069773,0.6813173512069439
238,0.43616903090350223,0.697693299437322
239,0.4129156645635452,0.6972071447206434
240,0.41028431141936694,0.6828911655172243
241,0.4224014938076379,0.664938354403992
242,0.4422367903709009,0.7126910979022056
243,0.4264365937869333,0.6863147179086121
244,0.41793639699979757,0.6737596248090808
245,0.3983691514795936,0.6844154931419058
246,0.4012200696824483,0.6623973735732078
247,0.4367690868499202,0.695914347891399
248,0.39561655057570844,0.6898364751488877
249,0.4738265718649145,0.7189231227771711
250,0.47222970317604884,0.7249061757310306
251,0.4337931060593586,0.7131558447772011
252,0.34820665836422604,0.6780810819495783
253,0.40931735934645463,0.6813238674864925
254,0.3971949769530918,0.7081805250204318
255,0.43385852430224925,0.695284860040554
256,0.4306395827285532,0.7157526980770164
257,0.4313002954527372,0.7053441406035678
258,0.40342865435176956,0.7019424459200303
259,0.4497931957795184,0.7044654298476638
260,0.3932423341507345,0.6849330974559906
261,0.4090547086495875,0.6853316605362985
262,0.3935968358031212,0.6698346761542844
263,0.4208196724393256,0.700451685516267
264,0.4008180732901232,0.680030482624966
265,0.4145710240619852,0.6551908085835675
266,0.416083169307228,0.6782632541760754
267,0.4387253452115699,0.7010289528451875
268,0.4296381009240632,0.6896632075712642
269,0.3682315717069814,0.6826538083850429
270,0.41192550328094535,0.6706851989960776
271,0.38915969231918257,0.6836589701248784
272,0.3463541850220263,0.6536930058444766
273,0.42570719736012996,0.7120678051798854
274,0.41577534404297556,0.6807722192223854
275,0.4571444950592589,0.7048913316996539
276,0.43824103337082654,0.6983458530451881
277,0.4166394498013679,0.6763417920125757
278,0.39809777441792227,0.6952155680387099
279,0.410225148807726,0.6895413253838802
280,0.4086564901515388,0.6880286549986236
281,0.32908811475409827,0.6352478493276807
282,0.420806888103768,0.6774510441305743
283,0.3949840962222827,0.666824078692335
284,0.3876242076150931,0.6714052183355784
285,0.4291639160818024,0.6873674823351412
286,0.4360922696726154,0.7016533377735765
287,0.44747848715893024,0.713826532339932
288,0.41579750244499325,0.6873107542979084
289,0.43916309937044873,0.7019551476411587
290,0.3713373214713662,0.6520100214034477
291,0.4079631625236254,0.6779786333588649
292,0.42460908882844606,0.6774883009304422
293,0.39802657552378207,0.6745636770592548
294,0.35246821900566383,0.6583788210076962
295,0.3951078492712783,0.6877508511702108
296,0.42945023775821933,0.7009499299972108
297,0.43352619349083477,0.7287371358272552
298,0.3822582192888022,0.6802630152538216
299,0.38102646382362426,0.6709602418036618
300,0.4216980689303642,0.70539833287224
301,0.4024102636424488,0.6760695119951343
302,0.3843066402549583,0.6529763181133078
303,0.37218526593122125,0.6664048129659109
304,0.42159075848077043,0.6990898201955729
305,0.4221534915218276,0.6797893924079059
306,0.4313974169343453,0.6900246196743005
307,0.4166743253748735,0.6580802137490436
308,0.392295498707662,0.6802589005661279
309,0.4119793530496533,0.6435639475502859
310,0.47107197204844387,0.7275443622382927
311,0.40627184364959135,0.6887125983237474
312,0.4100609235556596,0.7000347670146494
313,0.3953324930814309,0.7030305138917312
314,0.47439127244556833,0.7241496757290108
315,0.42083606650441474,0.6964476030457839
316,0.42327044947793135,0.7049837075385916
317,0.38788429878897557,0.6822647691417394
318,0.4515102818510439,0.7018850039578071
319,0.3984274083958499,0.6770059061468335
320,0.4351593493191387,0.7057627903888621
321,0.42105332148278496,0.6671992369264699
322,0.4330490651447436,0.6944456574036879
323,0.44441075841334554,0.6953862492529543
324,0.3947259343701506,0.64911325125414
325,0.3760091936410648,0.6638058312221905
326,0.39745232584742596,0.683981480218575
327,0.44362431043146366,0.6986016518908114
328,0.40483482451307684,0.6887685616163837
329,0.38150793589391463,0.6670809379877194
330,0.388155229143735,0.680413958834827
331,0.4025052342712615,0.6658131903484055
332,0.4405498579381182,0.7143292387888853
333,0.41021320737432354,0.6736250869934478
334,0.4214715222074177,0.7050672678811136
335,0.42748859417023255,0.6943046745844199
336,0.42864414637355186,0.702788813666078
337,0.37734284432073373,0.693023942309885
338,0.4146081510442896,0.7013067138665106
339,0.403653481551689,0.6866337204813002
340,0.3888136041296101,0.6745640658812719
341,0.40089355560013695,0.6891644005206681
342,0.4369524378761098,0.6943153863252867
343,0.351589985170075,0.6418575891411111
344,0.4085054605436169,0.7013623473311136
345,0.41797637936264476,0.6780428019110926
346,0.4384052907333943,0.6952916243291793
347,0.4471299875987743,0.6898678082576604
348,0.39308643453231973,0.6804026988195551
349,0.3501456356941737,0.6615389460115102
350,0.4211085432674524,0.7026461595237944
351,0.3888249800611616,0.6947871404722649
352,0.3855840890376039,0.6571548227883217
353,0.4422518054532535,0.7211655334346176
354,0.39940389226459616,0.6607760505527493
355,0.4045531336759406,0.6808950972190138
356,0.3894185794743068,0.6827888101842454
357,0.413037654380756,0.6936063431138777
358,0.3836354942461959,0.6667785443687729
359,0.39444445689629337,0.6716933840697881
360,0.40128557243006324,0.6934797038514064
361,0.3923031468821293,0.6566321272938664
362,0.39686466765969153,0.6614334382630358
363,0.44999799185005085,0.6955557394873559
364,0.3594082851491174,0.6770151509356519
365,0.4101435373690828,0.6923183313553675
366,0.4669742900104108,0.7011286799316687
367,0.39542021986709797,0.6831842972738513
368,0.3939306219470603,0.6799697196281416
369,0.418748615929726,0.6915493689840753
370,0.3979865186176912,0.6803787545640734
371,0.4121068103250255,0.7131819906064614
372,0.36541628580000485,0.6538059823342293
373,0.41355195911271625,0.7006624905845364
374,0.41067591895537425,0.6691076512134566
375,0.4340492091616528,0.7012319605302424
376,0.42433471461730754,0.7084772989402742
377,0.3785639149769423,0.684113476330939
378,0.4112158356000396,0.6835946410587632
379,0.4374902027671632,0.706844110564065
380,0.40785305594336396,0.677857184679344
381,0.42764009910887224,0.7144216179920968
382,0.38003627307765486,0.6722953319105346
383,0.4204387154550965,0.7022034979090512
384,0.39801080330007255,0.69107950336179
385,0.4196405969625232,0.6841253740349472
386,0.42904025056121387,0.7030221846567131
387,0.42892080461601123,0.7038049617142217
388,0.3770964854165687,0.6757262892474121
389,0.40934019759140905,0.6943118047075708
390,0.4065736186809278,0.694405245957653
391,0.37504121350957875,0.6564387101609097
392,0.3979942169591463,0.6706658018684364
393,0.33784164587997,0.6564705251946397
394,0.4054030902759653,0.6796468992135106
395,0.40138492043316876,0.671494925992012
396,0.4173726123727616,0.681101009743196
397,0.35177058325369626,0.6573939989953286
398,0.40677571190665984,0.7080162655640144
399,0.3881231305888704,0.6740351489034041
400,0.3886340835005936,0.6585664953446253
401,0.38987484469757605,0.6755375614863212
402,0.43604062811715605,0.7038542674194386
403,0.38513990946363585,0.6767926133108442
404,0.39058076208606984,0.6602532368217313
405,0.4663123745893397,0.7174860991901486
406,0.4025178938238294,0.7013768239790439
407,0.3827304752256401,0.6834236251665697
408,0.3767743644067797,0.6728493964396104
409,0.4201211792364138,0.6891778395696402
410,0.40275629010695957,0.6727120950704213
411,0.4205791902205145,0.6886866012562726
412,0.44391129510386274,0.7027032735158845
413,0.4015013613422176,0.6737148889688148
414,0.40078836871648216,0.6745511673778875
415,0.39550984606008355,0.6744361906675959
416,0.39039716694418913,0.6811320314138952
417,0.4211240853516731,0.6741036265465106
418,0.3802794364364126,0.6717668037012204
419,0.4202449563927836,0.685682163462083
420,0.39708976417937947,0.689162702430737
421,0.371629771533986,0.6590580346549694
422,0.3927516369725996,0.6821760281715358
423,0.40929417239135235,0.7039447213347865
424,0.40581295816719276,0.6736741833911147
425,0.4376442077062298,0.7027332332694676
426,0.4165839891876826,0.6717688591255528
427,0.42533876767655465,0.6965048699275056
428,0.3817336908695327,0.673818339996818
429,0.40494349248044315,0.6939434219941296
430,0.40604203639846403,0.6939370296491145
431,0.38652921420262176,0.6899401730379822
432,0.43161756635129067,0.6953434481555492
433,0.406681264270371,0.6872814053578256
434,0.41730841871066937,0.6999515763122415
435,0.3919752725385107,0.6886076198890797
436,0.3901697129632362,0.6877858010003339
437,0.4138731295492911,0.7066482313415254
438,0.423449811365223,0.7116796021962561
439,0.39760732922201125,0.6766492750908413
440,0.4148890244869765,0.6847804565905248
441,0.4209920590481978,0.6795305226088916
442,0.34832897919102646,0.661969971515626
443,0.44060866519995157,0.6868647674351198
444,0.40174603272281495,0.670702936871337
445,0.42921624791613044,0.6993452155778286
446,0.38461053901406717,0.6931288403829021
447,0.3439509120564753,0.6441136397934168
448,0.40116690179932657,0.6861774924620947
449,0.42682769505556084,0.7071066885430124
450,0.4360350253556745,0.6973352335295988
451,0.40360681832765133,0.693445651217138
452,0.3666134907919383,0.6545892012516266
453,0.4213126374472361,0.6976370225030297
454,0.36483972472035553,0.6462919965424923
455,0.42050017363201886,0.7074985396466174
456,0.4395459606908161,0.6905353523079473
457,0.39395357511535556,0.6812235131561354
458,0.3673525730213165,0.6461089133843275
459,0.37517676767676755,0.6687634379022884
460,0.39642706731190924,0.678966329429652
461,0.43815982067726844,0.6925720633089025
462,0.43159827661553274,0.6944875201309859
463,0.4012025677840665,0.6803653384943664
464,0.4337252106757975,0.6972310821868947
465,0.36093226501793385,0.6623541894714501
466,0.43256427175230194,0.697522875434185
467,0.44391129510386274,0.6857282956715993
468,0.3681584096194981,0.6870302118138212
469,0.39132853260247225,0.6587720912559905
470,0.33330342016439607,0.6122740161222814
471,0.395349362665272,0.6677496540226677
472,0.425090191853724,0.7067850507847329
473,0.4153967797535233,0.6860662530485244
474,0.40474199500059516,0.69883729710542
475,0.4336794261709226,0.7189395337126152
476,0.42764009910887224,0.6956566807856575
477,0.41029505548084677,0.6810523464225755
478,0.44642385193968437,0.702395560336344
479,0.41962208239431453,0.6935253397284156
480,0.39411847605860506,0.6784535067246058
481,0.4485481958891987,0.7019679411085917
482,0.4100887311007708,0.6868226365423915
483,0.4233862872865848,0.7023092602571874
484,0.4043701151789386,0.702722311435197
485,0.3490303188570346,0.6393964272312015
486,0.41425531731819043,0.6837766234628857
487,0.3974355946715996,0.6748354283518542
488,0.42410805218974323,0.6956657607872954
489,0.41467819655089133,0.6994828675244926
490,0.4143445767667904,0.6730837402567631
491,0.41140944984481365,0.6911631102073877
492,0.4160127021387853,0.6968347841310731
493,0.4173553210997918,0.6887698054059299
494,0.44717991315188566,0.70228821837798
495,0.35338235243671934,0.636021093888961
496,0.3655514699221313,0.6538961383912832
497,0.43364478102201454,0.6960083929270984
498,0.4461584370494921,0.6995983849439276
499,0.4300395760360277,0.7138740143222
500,0.3975534810473318,0.6875452857526312
501,0.4270035912337553,0.7112344922338714
502,0.35664330600468697,0.6821828877789677
503,0.3334229313574547,0.6316476729085467
504,0.34683967967724083,0.6362484349268952
505,0.4195333931058163,0.7027292959604714
506,0.38721210169320885,0.680573305686381
507,0.4181122412375806,0.6818406133378192
508,0.3770939770890357,0.6789046493665942
509,0.37882231284882606,0.6568253004530006
510,0.4576667949546609,0.7215002697395474
511,0.3541556954304296,0.6862820407868602
512,0.36196965195246167,0.6648468594656417
513,0.3767163882960898,0.69625478410553
514,0.36267753912790535,0.663778304077886
515,0.3979277921466504,0.685013490557973
516,0.40078836871648216,0.7037439668083394
517,0.3721363455567245,0.670576449058657
518,0.4086564901515388,0.705857283591854
519,0.4549010234217352,0.6880756276459633
520,0.40485244622213534,0.6635883008087823
521,0.4069660759553354,0.7165968754676626
522,0.43372622148723616,0.7189046966791612
523,0.44986619382530757,0.7078891176898139
524,0.43954304688436163,0.6966441206871604
525,0.4594516505641787,0.7111542252153308
526,0.37510781671061133,0.6466523409145392
527,0.41003562099677837,0.6802066821589755
528,0.4178310635030046,0.7091751032185433
529,0.412938775967271,0.6842121276504023
530,0.3648214376296587,0.6279860665793695
531,0.3790157065843779,0.6453444217847352
532,0.3876242076150931,0.6822663400527746
533,0.4035170233874139,0.7027712659777487
534,0.41645434619289945,0.7053195581909498
535,0.3939078213126519,0.7077313905514424
536,0.4337252106757975,0.669724308051653
537,0.4107753160105978,0.6771710125381036
538,0.4453827095124574,0.7248410321995477
539,0.3965821088124547,0.6833240403826095
540,0.4197831167851247,0.6952712012147109
541,0.4366804978855747,0.6657951676409777
542,0.38128541746237865,0.6644786560391602
543,0.43433395862186996,0.7043617730070781
544,0.4534057359614351,0.6992843264905275
545,0.4364719241315167,0.7172424018126309
546,0.37206907787552934,0.6727347788276292
547,0.3974892701839441,0.6806315608158269
548,0.3910415466972097,0.6956560456916298
549,0.3959971686529038,0.6700162469792074
550,0.3618081118881117,0.6625414726988335
551,0.34540997037606613,0.6513919982384824
552,0.3899734205564839,0.6957628250369563
553,0.44464817677438984,0.7029023805073777
554,0.41086954725191205,0.693893107384502
555,0.415500761090672,0.6988274504989682
556,0.4305195875260772,0.6950422303945887
557,0.34717393400382335,0.6717776411858822
558,0.40486433678011735,0.7063055172991997
559,0.42016591563594896,0.68867744222414
560,0.4186596829794804,0.6946439043562505
561,0.36263773175224434,0.6548994323469861
562,0.43277508428701883,0.7001536841319844
563,0.4107753160105978,0.680437087035811
564,0.38205752785695757,0.6733524805671327
565,0.40709676800211203,0.6848107677809497
566,0.44605465208523376,0.7092342659615997
567,0.40199022572914633,0.6893622286871655
568,0.43135042917199273,0.6943534543435366
569,0.37223244420215607,0.6551832552237342
570,0.3612822528244146,0.6654972657093798
571,0.38558010659926034,0.6749179920664862
572,0.42550402500623274,0.702810531002216
573,0.3957079361091018,0.7074797689141936
574,0.4028581241966246,0.6904241005684766
575,0.42945023775821933,0.6885902982832635
576,0.44430839203677486,0.7169474415707291
577,0.43609440363610585,0.705711395715785
578,0.3655213923171591,0.6388180720978789
579,0.382289718271124,0.6685391207021278
580,0.39482355268968283,0.6880543741720897
581,0.4398070429789587,0.6958710141706608
582,0.41562832533536465,0.6904830974981655
583,0.41505154744615114,0.6988180835946747
584,0.3692679713563247,0.695169487677673
585,0.38179030529156976,0.6356249295192435
586,0.38061908191001115,0.6502763359866464
587,0.4438955542161863,0.7039664040911927
588,0.4261753248307907,0.6936670514164884
589,0.4158840685785258,0.6933931238435695
590,0.34978954553619535,0.6652568097054821
591,0.37770731509449706,0.6499895224682624
592,0.3875567362851753,0.6614205568734883
593,0.36464107016271985,0.6551982436719275
594,0.42755993581990503,0.7078971027155676
595,0.44206120864403275,0.7051488678375525
596,0.4287609293451844,0.7210232605091274
597,0.41355195911271625,0.7016292402136872
598,0.33525785185782675,0.6421256737567708
599,0.4606646935378542,0.7025679720160107
600,0.4208196724393256,0.7039482864343274
601,0.4043701151789386,0.678506833284057
602,0.4560808122284874,0.7082647187318292
603,0.3946999392735073,0.6644518770987184
604,0.4243507750698454,0.6849790170900688
605,0.4210295872788685,0.6849703569017012
606,0.4198520080618644,0.6669839794616094
607,0.3535126455758064,0.6743727693799914
608,0.4234085978559372,0.6971471442531456
609,0.4066633548650721,0.6984176501052091
610,0.4305390615650453,0.6841515268901844
611,0.3935720978460806,0.6776600593446722
612,0.40828827696705994,0.6838382737019826
613,0.37871747139786804,0.6547761763197479
614,0.4079665059565948,0.7032498625379846
615,0.3893898125911547,0.6812656775141681
616,0.4033526036502302,0.6912451729080895
617,0.41584178737326083,0.6834594330175259
618,0.38580133041860376,0.6544185261329659
619,0.3991450109663832,0.6935162690587144
620,0.46122204622675733,0.7146472920355624
621,0.43065546728193993,0.6814528694429323
622,0.394453524625071,0.6763923036120483
623,0.39626173340585114,0.6505592140465628
624,0.3926360292408453,0.6366407047517668
625,0.42234112510880206,0.7105811220957777
626,0.3633525493187624,0.6485010994971215
627,0.34678878433225646,0.6632660787708271
628,0.41707343739401537,0.6810147369197648
629,0.3740099593403078,0.6712678030827444
630,0.380830951933817,0.6544665937174454
631,0.45118799901259,0.7004754665700398
632,0.41860145147857797,0.6974761816575498
633,0.45832385483243676,0.7135422878020415
634,0.439100098044819,0.7055251713043555
635,0.42375317987466177,0.7097786263284176
636,0.4040458917899714,0.6846814246093593
637,0.4109522115517219,0.7165297217170984
638,0.40871678556689606,0.6752884885559283
639,0.42040755626776594,0.6903108250311043
640,0.39962843439789275,0.6943337381134909
641,0.3540782535747108,0.6562423561692945
642,0.4172555321567255,0.6889851546783841
643,0.3790557188873369,0.6729903880411248
644,0.45621257830462114,0.7148909486191752
645,0.36892235935453155,0.6700312438247915
646,0.377067423425695,0.6617248147829651
647,0.36098205836510877,0.6466746909006094
648,0.41742896032043375,0.7018736213631953
649,0.40311925802180415,0.6647598990110681
650,0.3767687557225117,0.6578906398174996
651,0.38363490239117837,0.6749711254270452
652,0.46821552782609965,0.7244331142943676
653,0.4258186498497568,0.6878374533329668
654,0.4560962082047374,0.7274973536018468
655,0.3201981132075471,0.637120457665146
656,0.4300360045600631,0.7004865591732561
657,0.4281564741250179,0.6822021108293084
658,0.3939654454939028,0.6901142631059825
659,0.417430707558304,0.702427172181051
660,0.41578670227799364,0.6916852267162868
661,0.41286991796985717,0.6990370338197455
662,0.4370723162076685,0.7122942544478807
663,0.3688918017751657,0.6380408447518705
664,0.39256308182695754,0.673789791162874
665,0.41651095429339735,0.69212765044723
666,0.41459453723313755,0.678877296673497
667,0.45937256639931223,0.7040581796686196
668,0.41752929076198486,0.6895714783385417
669,0.4231987358486339,0.6904125888309065
670,0.40577048392358184,0.6864995437818817
671,0.3328256763680235,0.638908185303914
672,0.3256986547459284,0.6394910982606576
673,0.44441075841334554,0.6925072035721087
674,0.3608289963194885,0.6436536387734908
675,0.41425118271410266,0.681141273074086
676,0.4093556442693784,0.6643547162673733
677,0.3932776568282622,0.6765838316495679
678,0.40023219833154955,0.6576714628296315
679,0.4068137024993921,0.7210690854301356
680,0.436382107243103,0.7026620232306577
681,0.39950467255443356,0.6825734810896109
682,0.45966558348790554,0.6939598781450016
683,0.41525627333091175,0.6966756751193913
684,0.4389980849178323,0.6948994022073133
685,0.4226061534420197,0.6755958965893338
686,0.41571693986725733,0.7132816995224414
687,0.43207474095004794,0.7029732972448033
688,0.45966558348790554,0.7102554293401881
689,0.40494349248044315,0.6890263223192177
690,0.42945855377288344,0.6890746506357597
691,0.39379204537137535,0.6740880584202544
692,0.3564788174912318,0.6328396857147962
693,0.3898146491557333,0.6786102539503927
694,0.436778469010247,0.699673179302555
695,0.40134983013543724,0.662446760293297
696,0.4040298369155886,0.6941147216764051
697,0.3638121778794733,0.6687443990947864
698,0.388041438698436,0.6724897042323021
699,0.38462042708464417,0.6544291749032978
700,0.3790557188873369,0.6671670585761831
701,0.39675761625875683,0.6820390986698928
702,0.4307394866095865,0.6979428281815837
703,0.3721166775964474,0.6754119178361602
704,0.4057937924087164,0.6907956242765563
705,0.4399487990068117,0.7075470742463676
706,0.37734284432073373,0.6684458053571636
707,0.39567421620787735,0.6960457659633761
708,0.4136237955592793,0.6906015644818557
709,0.3890733915311273,0.6802784271731737
710,0.4073539264958823,0.6983005286830463
711,0.43616903090350223,0.6876749071326753
712,0.36579209818163805,0.6666028166097268
713,0.4024102636424488,0.6703424691187592
714,0.42348102391346143,0.690755428202497
715,0.3420887258855707,0.621897172189133
716,0.3984045747216435,0.6757320557937528
717,0.4149151366979522,0.6905627618827644
718,0.42214269944897254,0.6911157306167433
719,0.4018520630244864,0.6826686231917407
720,0.42460908882844606,0.698517492569849
721,0.40992813052380406,0.6788506099388854
722,0.4202297944948109,0.6810135137708568
723,0.40009418780152317,0.6989450100593424
724,0.4440237484149854,0.7139877869781561
725,0.40702294497951996,0.7014061595191357
726,0.41420878331246824,0.6689089171111018
727,0.42091178647256755,0.6855963270302208
728,0.43632972618707644,0.7178130970259582
729,0.39666733266733245,0.6749722288514428
730,0.38029179434093763,0.6692013346483198
731,0.41029505548084677,0.6808131989704715
732,0.4074487048999168,0.6818282512925017
733,0.3821529175717274,0.6651417374365955
734,0.3983691514795936,0.7065426732238735
735,0.3994994025002795,0.6704220808973167
736,0.40282407854804736,0.6836523141224005
737,0.4178069660359164,0.6950387250621282
738,0.4512240188550639,0.7008831041882915
739,0.38784700926643734,0.664455759132994
740,0.351248736904761,0.6591611525600335
741,0.42365250542524546,0.7046986603747629
742,0.3992187640190126,0.6560900841652726
743,0.4107753160105978,0.7014685914693846
744,0.42768644577188086,0.6744028288823743
745,0.40475240058295725,0.6663278871857901
746,0.4053320476592641,0.681115483014665
747,0.40627184364959135,0.6604651485953832
748,0.3580117182644029,0.6705837836326773
749,0.43892139376716977,0.7119020195369612
750,0.4103163120804897,0.6933374842917082
751,0.37378163268943954,0.671592957464742
752,0.44681098689332543,0.7112124377786024
753,0.39361375380996433,0.6789789423293453
754,0.41307056080618176,0.6785901748202323
755,0.42388940797078867,0.7226068467837995
756,0.4251062074568207,0.7108262528850765
757,0.39927335672612174,0.6687938330756462
758,0.3709630109118628,0.6487460935009812
759,0.4405516770064708,0.7280490863703245
760,0.44298304710428305,0.7222376624796337
761,0.40115817341533444,0.7025080875086784
762,0.4050438972398268,0.6710236327881458
763,0.4495559761443665,0.7237245671975152
764,0.4270035912337553,0.7284774858270224
765,0.43394546924636346,0.6885256280016192
766,0.37603415964320464,0.67205301547104
767,0.42032230663610093,0.6880686759052413
768,0.42464006781066765,0.7246835856637743
769,0.39875682392054457,0.6804476718918373
770,0.4082274607788702,0.6867892796099888
771,0.4231832060716576,0.6877407263847696
772,0.3910999300789554,0.6686420128013624
773,0.3617179639882854,0.6753239046329076
774,0.44054180877719196,0.6887145325674273
775,0.382501584735067,0.6540753337488234
776,0.43384464133365774,0.701923635467856
777,0.35822072391710424,0.6504734327111609
778,0.4420112521819475,0.7308894381807592
779,0.35037755178711794,0.6633392993933636
780,0.4027764925723236,0.6840023364246057
781,0.3438997916138846,0.6431370853381156
782,0.3457684590245639,0.6519496468915243
783,0.3969776353724056,0.6894595741696337
784,0.3951166259633523,0.6915915124830678
785,0.3910790928149418,0.6877522245606782
786,0.41265859030587004,0.6894547371921558
787,0.40844060608088895,0.6873056301167761
788,0.38521344791405976,0.6461661225312628
789,0.39938596566859985,0.6871450291689927
790,0.41471349191069773,0.6928543430677339
791,0.43305672080053514,0.7052000525094946
792,0.4432531729280823,0.6918183263401239
793,0.46203886676976647,0.702138294024033
794,0.3753893127050292,0.6569531674382787
795,0.3917740430460642,0.6792521174656321
796,0.43043957265779453,0.708676567840089
797,0.36700644119893966,0.6765081096452563
798,0.469697977848886,0.7085136489426449
799,0.4096557638914231,0.6889847998940011
800,0.4321640542266806,0.7146096506254227
801,0.43527273423473767,0.6951483460492343
802,0.3879565979105637,0.688075200860512
803,0.37899523629388343,0.6730618296641899
804,0.38519780344794474,0.6912500814485782
805,0.3640950719642535,0.6445829450484286
806,0.4307543736626671,0.7147985486454254
807,0.4031657643440303,0.69013403553008
808,0.35515383906938514,0.6615900933248746
809,0.4278698348718747,0.7023281401047519
810,0.40064053136466526,0.6767366671883241
811,0.4166394498013679,0.6852457128156579
812,0.3879384503883929,0.6455888132052336
813,0.43856533288875554,0.6801598998126295
814,0.413234712685295,0.6914916251833424
815,0.36753877518388234,0.678256894787544
816,0.3656230087968204,0.67310449557708
817,0.44005525415428826,0.7282372894951938
818,0.38222547671246543,0.6642195011117558
819,0.4231143981850143,0.6791557071615018
820,0.44817065606596973,0.699628540542871
821,0.4057225423704798,0.6953044710233245
822,0.40128557243006324,0.6692224787252602
823,0.3490303188570346,0.6579011197905731
824,0.38349168849021853,0.6417186536517256
825,0.4197241214404427,0.6895247623006835
826,0.3767687557225117,0.6669384568155715
827,0.3882557326351165,0.6753689933073225
828,0.4061424168054881,0.6863512014023385
829,0.4194221862861127,0.7177586614821456
830,0.3655514699221313,0.6592451428142047
831,0.4128454983738249,0.6926838586131108
832,0.3810208584220287,0.673796321631541
833,0.3633525493187624,0.6815711061375613
834,0.4180804655914926,0.7177211882065251
835,0.3545620766425086,0.6303704001013425
836,0.4289472968352155,0.6986398640541525
837,0.4229593730305614,0.7028614517771716
838,0.38069770152401305,0.6480399717389904
839,0.4066456689631752,0.6737404698409846
840,0.4233862872865848,0.6963363184427676
841,0.4146081510442896,0.6802505979063509
842,0.3910809190809189,0.6596980632204223
843,0.37921635644461527,0.6709741986033042
844,0.43692983210571246,0.6741320621481441
845,0.37468286892309766,0.6557778106418428
846,0.43804506213800054,0.717509291009352
847,0.4226061534420197,0.687735280244276
848,0.3881231305888704,0.6608868520694346
849,0.3959971686529038,0.6923900706223522
850,0.4049602220609557,0.6914149557391445
851,0.41618146559840374,0.7150519066205259
852,0.42755993581990503,0.7142679704904082
853,0.38349168849021853,0.6689074325167728
854,0.43290891958205757,0.7016278195180992
855,0.41450392946279657,0.6834798543222027
856,0.3811289796247149,0.6797009990041398
857,0.38102646382362426,0.6810640193274455
858,0.33938359024344955,0.658746415523623
859,0.3858727260854281,0.6695702167500344
860,0.39124818995722965,0.7004988519360773
861,0.4189479774735557,0.6796214797281499
862,0.41271599965085914,0.6982006153793934
863,0.4625679531563358,0.7132563839691873
864,0.4461333193792827,0.7200996286853246
865,0.3693144594961941,0.6606610790639644
866,0.39002091347173407,0.6982159899527238
867,0.43799730232138145,0.679675478757033
868,0.4328058644962951,0.6923038753176787
869,0.39428991252050305,0.6879269976379166
870,0.39774255569896066,0.6803376180987195
871,0.3772483701011018,0.6867737364590497
872,0.39150656719479116,0.6645496820994896
873,0.43634545199147956,0.7014640385403019
874,0.3507046375880678,0.6459503769608904
875,0.4281373962969127,0.7154691494302283
876,0.4231086527640031,0.6867278021157888
877,0.4050985746077589,0.6982529284968279
878,0.4387253452115699,0.6992672589690692
879,0.4155781373402725,0.65771463064265
880,0.410225148807726,0.7083772652676351
881,0.3966368464631185,0.6916839880478267
882,0.3922557941265761,0.6688604455817857
883,0.43070136142440374,0.7005312625734544
884,0.40581678367394614,0.68965571470259
885,0.42231871493566653,0.7025841660498617
886,0.4446956847026293,0.7014283572588643
887,0.4433106205267393,0.7009152882041225
888,0.3826476105273192,0.6785221722703885
889,0.43780586143207845,0.7056348966578952
890,0.42494665044574287,0.7074192342884249
891,0.3980955583362549,0.6948657683415884
892,0.45524775492522807,0.6995854322530234
893,0.3498402070750646,0.6546213562216932
894,0.34611249040093517,0.6628581094619719
895,0.38799753963914696,0.6763758798105992
896,0.3991694636457168,0.6758444715272831
897,0.41827490369909115,0.7058333248625577
898,0.4072071139951856,0.6972979151946093
899,0.40706638285657915,0.6920640859511
900,0.4067774910955847,0.6618195708558743
901,0.3890291356720793,0.6751389568304178
902,0.39132853260247225,0.6552994998263094
903,0.43333731472867565,0.689225165959906
904,0.43838318567517476,0.7030728063283465
905,0.3821962449886872,0.6615330429721402
906,0.419291665877373,0.6795857870048143
907,0.41815615585131993,0.7019456753196187
908,0.4515102818510439,0.7076520738953505
909,0.4006816347274955,0.6831499823439384
910,0.4551305597377906,0.7027116012141084
911,0.3882560849789648,0.6836338256648485
912,0.4056979436497329,0.6923040692264681
913,0.3914072340355118,0.672663271271877
914,0.44701796170564834,0.6748172303335773
915,0.34644999517942177,0.6614315965326746
916,0.39573344688098766,0.6932739350463281
917,0.39256308182695754,0.6660653386709066
918,0.36267753912790535,0.694448011333384
919,0.4193143933489134,0.6637433265200648
920,0.38485062537879566,0.6757175518904802
921,0.40839543060800976,0.7068558667917668
922,0.420792185921426,0.7155887049325007
923,0.40613836689623173,0.6885867988786281
924,0.41301539129958487,0.690570515997585
925,0.4065736186809278,0.6932782137453921
926,0.4100104715923307,0.7004636244927247
927,0.37577846437140305,0.6742778775648595
928,0.4001422934400427,0.6896626247788598
929,0.4001044127632669,0.6705564324144178
930,0.3979942169591463,0.7062474609448838
931,0.3898273027246535,0.6873841346798725
932,0.41434205555684367,0.6971272349833965
933,0.3646451490799699,0.6701840556211166
934,0.3964740950602019,0.6783951301064876
935,0.3790157065843779,0.6803938995498342
936,0.4420595352777943,0.7080053216956067
937,0.39526497469541566,0.6878265306150821
938,0.4219075264391672,0.6848173035140135
939,0.39359636115276486,0.6927813458269438
940,0.3965508915456454,0.691206425957547
941,0.40536850886207054,0.685863470186365
942,0.4349636320675334,0.6819984649699408
943,0.39378009460291963,0.6665290880343364
944,0.40962029246200393,0.6713884683658253
945,0.43421684540657834,0.6983639355903207
946,0.4010057992026096,0.6867714064874982
947,0.4038018493861253,0.6726559402281318
948,0.39042488375821693,0.6751716844668822
949,0.4208998715344454,0.6868383597277627
950,0.4205021558668842,0.7028400395398866
951,0.4333827705087837,0.7056647830587937
952,0.41893319144961505,0.6927113847202448
953,0.3949189224747006,0.6701858487606105
954,0.38521070149211634,0.6735720360589366
955,0.43780586143207845,0.7033218616291897
956,0.4074487048999168,0.7063429842583706
957,0.401879051285961,0.6893176325738544
958,0.38202014169879195,0.6667262481804211
959,0.40180765643486893,0.6826456145174914
960,0.4146627932941812,0.6933394372099517
961,0.3781076332685541,0.6791197169130871
962,0.3919816693578324,0.6700258642823198
963,0.41274084034756686,0.7088371130619227
964,0.36161706248997305,0.6620961250076869
965,0.41703947226640625,0.7162804460334962
966,0.3910999300789554,0.6737979398819484
967,0.37612032160194964,0.6802194562613378
968,0.40981814918283943,0.6846337273513843
969,0.44036793616279457,0.7232653426751503
970,0.36579209818163805,0.6685014904812403
971,0.43161756635129067,0.7213607579621184
972,0.45504209150814645,0.7000779491670591
973,0.4385360549605226,0.6794186561167108
974,0.4347952509739873,0.7132953109206095
975,0.39428991252050305,0.6641400444601111
976,0.42904025056121387,0.7156716370236017
977,0.39605491375380875,0.6903734258436736
978,0.4090303532893721,0.7149055654562743
979,0.4272142253180772,0.7127546587107682
980,0.4093556442693784,0.6952521922189309
981,0.4072071139951856,0.6687789307324656
982,0.4560962082047374,0.7054900425224804
983,0.4028581241966246,0.6905116082772209
984,0.36659991423670657,0.6472130079445397
985,0.41127156394694764,0.7078157528285856
986,0.392236365606758,0.6688441184685738
987,0.4526458784434759,0.697749836894215
988,0.45196672319044795,0.7217670702662515
989,0.35947655438492354,0.6693029549052163
990,0.3845874863144234,0.669258853081788
991,0.4276206319257362,0.7099640888388137
992,0.3853659857618633,0.6619206654662431
993,0.41450392946279657,0.7147488031057433
994,0.3824864735599198,0.6823211632639776
995,0.44608173599210144,0.7133105068398413
996,0.3938214094318021,0.6700545133456575
997,0.42297359498944187,0.7012163253277395
998,0.40140762463343094,0.6767608426293659
999,0.41475736424802623,0.703907003095227
1000,0.43058682976600793,0.6887828070336771
1001,0.4765098116343841,0.7209830214828584
1002,0.45044631898866383,0.7244203490846912
1003,0.3836354942461959,0.681225815195104
1004,0.4675666946031196,0.7152513259771198
1005,0.40788442754269927,0.6950217331815188
1006,0.38845115273532893,0.6658497989819662
1007,0.43256427175230194,0.6961371624194991
1008,0.37230603448275856,0.6611159723337513
1009,0.3868973361657666,0.6509797749068136
1010,0.3805085020242913,0.6646809521929942
1011,0.4046787705720798,0.6879064436487519
1012,0.44750033992252647,0.7112631962918945
1013,0.41842849802710014,0.7041227735617046
1014,0.37709982774761064,0.6712700059393377
1015,0.4088439433761393,0.6732713032900972
1016,0.41095656066038366,0.6678768583647108
1017,0.3963578932777151,0.697413173565786
1018,0.38845115273532893,0.6570648364103666
1019,0.3910415466972097,0.6840219919121084
1020,0.44146009830522936,0.7043495218077076
1021,0.3966838578663424,0.6631093451331369
1022,0.4086603817040213,0.6804416548699388
1023,0.4344696185561844,0.7175666389266759
1024,0.41838647128797957,0.682096049780354
1025,0.40775969825141567,0.6842663366826317
1026,0.4173553210997918,0.6736512762218823
1027,0.42008143600218106,0.6927196405881721
1028,0.38780363297624565,0.6857904546036484
1029,0.44817065606596973,0.7171408801010837
1030,0.4158840685785258,0.6861200352179906
1031,0.4202546181639961,0.6942953178764695
1032,0.38780363297624565,0.6775628322678218
1033,0.430616723503628,0.7005039234202308
1034,0.37763535289679007,0.644419396062236
1035,0.4027478202853718,0.7039083438621156
1036,0.44645542778966796,0.7196192876696654
1037,0.4341624966515256,0.6928034450861051
1038,0.43632972618707644,0.7025688265885068
1039,0.4002167291021329,0.6787066467147831
1040,0.4292694018942419,0.7174094269341986
1041,0.35271152753225454,0.6451631053878281
1042,0.42574876450982624,0.6956180127792206
1043,0.3900908647666326,0.6880189993008474
1044,0.3168169755014597,0.6180390181272037
1045,0.4065315073700355,0.6860295157460741
1046,0.3869129373849932,0.6605709518818
1047,0.3855840890376039,0.6731423431370663
1048,0.4025052342712615,0.7026343898936472
1049,0.41224219268664763,0.6927967059961984
1050,0.43415200236746465,0.7087318131514855
1051,0.4350642482940845,0.7175820883746223
1052,0.3754500412238274,0.6655429366675643
1053,0.4025178938238294,0.6745269341209976
1054,0.3893637361235255,0.6866691919777712
1055,0.39905953952695106,0.6875824526042642
1056,0.4239876878469413,0.6886866797866867
1057,0.4473419084295327,0.7059173323669028
1058,0.3594967285395674,0.6609308791582386
1059,0.42018366284800435,0.7022531779570738
1060,0.4032800224269949,0.679489701403397
1061,0.4653668409810826,0.7169596720546494
1062,0.3680825202442586,0.6719829551500737
1063,0.4362270308786975,0.7041799293985966
1064,0.3994841215686816,0.6730586706354217
1065,0.39760042103042026,0.6813314665566045
1066,0.40535675828991913,0.694576236797515
1067,0.4072404006118152,0.6994240137600032
1068,0.42335628896275856,0.6867245600402405
1069,0.4155828034828113,0.6876403807592578
1070,0.3979447682703531,0.6919325025921381
1071,0.4072712093636772,0.6780261131909475
1072,0.3826852223508098,0.6660011469874738
1073,0.41765378566365396,0.6831058950470048
1074,0.4047178887919982,0.6762209697848779
1075,0.40324379452979076,0.6637177836806673
1076,0.3885554780954281,0.6792905458525474
1077,0.38396656746914204,0.6953752083410483
1078,0.4451303282832466,0.7298667884415939
1079,0.4164834959181595,0.7200549980886335
1080,0.41594258680392815,0.6709846438521989
1081,0.3762416283134077,0.6497261395126133
1082,0.4332897005136479,0.6948843987868705
1083,0.41842849802710014,0.6992782164058956
1084,0.38619580057893743,0.6536374651810263
1085,0.4027859221932266,0.6802759548032082
1086,0.41220176579889967,0.6699231408718282
1087,0.36892235935453155,0.6686253561052526
1088,0.40842489413063376,0.68723383710836
1089,0.4201950925584137,0.6870484162713916
1090,0.41424578670984913,0.6558160930819209
1091,0.42325199442070605,0.6889306171621873
1092,0.3717011707087251,0.677500748873975
1093,0.4246847027922892,0.6977942792522236
1094,0.4087064562862609,0.6869520886252549
1095,0.416083169307228,0.6964848397181038
1096,0.4411540442525739,0.7096039256547104
1097,0.39526497469541566,0.6592813326950768
1098,0.45067565236457763,0.7137480383106597
1099,0.41981156739072967,0.6922949675302403
1100,0.39642706731190924,0.6772833564936724
1101,0.40138492043316876,0.6781897528886073
1102,0.4034617424810656,0.691536518681404
1103,0.4195581365779666,0.7144757552918541
1104,0.3977341600619346,0.6851539301208
1105,0.40050674195339564,0.705321382504916
1106,0.40588772145103147,0.6700166344290499
1107,0.39968026928529676,0.6647058502396233
1108,0.43863206866439197,0.7122710732616172
1109,0.39968026928529676,0.6781694175392323
1110,0.40890178596322113,0.6672732131675265
1111,0.41579750244499325,0.6879361269827795
1112,0.43944012251467257,0.7112476140117884
1113,0.40332060110965495,0.7077574798721956
1114,0.39077980423075764,0.6739211980528321
1115,0.41596363221147836,0.6834410557741231
1116,0.36935484512843475,0.6553609618668017
1117,0.4374902027671632,0.699238875915239
1118,0.3631002224968417,0.685036032015933
1119,0.421747081660663,0.7009371572413574
1120,0.44680435255609585,0.7014773454092311
1121,0.36541628580000485,0.6710109714869488
1122,0.37848093117870407,0.6653551632132773
1123,0.43465829522801014,0.6946371658482914
1124,0.3817428786684135,0.6678799853404778
1125,0.411586638759569,0.6917899789785396
1126,0.39626699853645087,0.6648954899656914
1127,0.4422880578553463,0.7128670188322879
1128,0.42206962804397496,0.7083650884405137
1129,0.4468848721697408,0.7333376368426343
1130,0.43898592485620536,0.6835840455562946
1131,0.43476976556631886,0.7075123361302081
1132,0.38446523769037155,0.6625082892549422
1133,0.42341917691634123,0.6925783344148877
1134,0.4120832999832442,0.6747694145548055
1135,0.4465833360712821,0.6936986521681757
1136,0.36821053537665216,0.6720656447541393
1137,0.41463258729664465,0.691317638188935
1138,0.38732027092548416,0.6817851836341049
1139,0.3980955583362549,0.6876384097695456
1140,0.4310243096933596,0.6937927556369285
1141,0.38654284670611827,0.6620898669672313
1142,0.37265626500864746,0.6717009053158716
1143,0.40564031121674327,0.6901753776026698
1144,0.382631687755678,0.675297600107035
1145,0.42892080461601123,0.7056549641074277
1146,0.41703947226640625,0.6945312024003318
1147,0.3603700876538981,0.6454521677185043
1148,0.3842507839968423,0.6723075100245594
1149,0.4097057905677328,0.7051552941685532
1150,0.43897376037433944,0.6922225520406602
1151,0.413037654380756,0.6909729975485366
1152,0.39689403348209007,0.6594916655236029
1153,0.4104550118589042,0.6960073277216103
1154,0.4056451310130448,0.6878233545705128
1155,0.43247503168059265,0.711320575349015
1156,0.4087680715649503,0.680511094908715
1157,0.4087064562862609,0.6993861971136062
1158,0.4033732013787079,0.6928641812166735
1159,0.4420112521819475,0.7002882019507923
1160,0.4474859479712504,0.7110670350023776
1161,0.40387198077162034,0.6770282466846504
1162,0.44717991315188566,0.715121198778268
1163,0.4006816347274955,0.6874541318857447
1164,0.4167211014745078,0.6710713178845231
1165,0.40622557935826176,0.6808254990054902
1166,0.3636121122923779,0.667480603459531
1167,0.39209964102769956,0.6843602025547979
1168,0.3875132918122435,0.6973247835940288
1169,0.3785954393289679,0.6823689217676054
1170,0.4300437780702445,0.7024459151419782
1171,0.4270569512645168,0.7223938441607112
1172,0.4496899252031995,0.7167022837848629
1173,0.4554364461639919,0.7084206540369464
1174,0.4248007739129048,0.6803705142675871
1175,0.4439861477219772,0.6960897558485757
1176,0.3607023839074628,0.6346239576088724
1177,0.3988012737052762,0.7066398053836475
1178,0.42106204137223335,0.6944425117066616
1179,0.35737882458352677,0.6351954949768925
1180,0.3939306219470603,0.6781804998643628
1181,0.4251425192537913,0.6954548990651139
1182,0.38788429878897557,0.6748343715569063
1183,0.3799549907583397,0.6803682999593453
1184,0.41495316592320153,0.6999157412926484
1185,0.3827304752256401,0.673378227453761
1186,0.3945873660086363,0.6912695080952116
1187,0.4108937491759811,0.6696062684358919
1188,0.3986517824285951,0.6524682372030564
1189,0.4204534631689605,0.7145848393167977
1190,0.39708976417937947,0.6860195924247807
1191,0.3946005425951864,0.6592582484538603
1192,0.4070451485329194,0.6965961887951904
1193,0.404485875683504,0.6833939835678349
1194,0.43185940003477397,0.7194159353565778
1195,0.431230918430639,0.6818136409113539
1196,0.3985314214334643,0.673794547057295
1197,0.3999826177550685,0.6789716061288134
1198,0.45237481054553985,0.7205502893724256
1199,0.4038599500970176,0.6680031522594336
1200,0.34616343843976816,0.6576770374762864
1201,0.4074487048999168,0.6621869336157328
1202,0.4279340976016598,0.6908846224800916
1203,0.36617761227186085,0.6616253455075597
1204,0.36376260505994606,0.6841037089896329
1205,0.4096600077864041,0.6895130371565132
1206,0.40844139845033445,0.6831767567961406
1207,0.395178613392834,0.6700426734655733
1208,0.4178888374258962,0.6963324495352092
1209,0.37647266207373664,0.6636360968374326
1210,0.4046306206834389,0.660281282064938
1211,0.37944407830483584,0.66144077625834
1212,0.3563339733264228,0.6707806182291195
1213,0.3770939770890357,0.6643779138018493
1214,0.41466488255218314,0.6873596546617657
1215,0.4358288229956414,0.7086594082171631
1216,0.4211085432674524,0.7172961799387485
1217,0.43733289913236595,0.6967622078352813
1218,0.4086207385891102,0.6715912141628397
1219,0.37577846437140305,0.6756324679385179
1220,0.3367879222062581,0.6419185133105337
1221,0.3395408470554958,0.6546390602954236
1222,0.3986741839382386,0.6714528519179057
1223,0.4090086612037547,0.6851810041119784
1224,0.38003627307765486,0.665934845906113
1225,0.44185217662975385,0.7140685705443601
1226,0.3802962858651644,0.6527337249050191
1227,0.375156505561145,0.6691574450078392
1228,0.38942462414184076,0.6852450852232865
1229,0.40613836689623173,0.6855494254572387
1230,0.4474859479712504,0.7019651783837512
1231,0.44632421471308603,0.7090085096436527
1232,0.4216252842615218,0.6690690677134764
1233,0.36093226501793385,0.6379780796505743
1234,0.4032315160666893,0.6729079271094317
1235,0.3820814694654313,0.6785931980638952
1236,0.4329575967946506,0.6900546185509182
1237,0.4039927343966977,0.6530286428187089
1238,0.35638412495226224,0.6416801894161994
1239,0.42755406694533493,0.6936144553591763
1240,0.3920226471510724,0.6870092013969855
1241,0.3844832642212307,0.6820069326967335
1242,0.43694643842786773,0.714122940265592
1243,0.41433405822984215,0.6919108342859275
1244,0.4155045396875834,0.6758679436561696
1245,0.41072183649581584,0.6758307537574348
1246,0.3941134343842774,0.7032656835923345
1247,0.40140464831470535,0.692391774079994
1248,0.343119350800406,0.6609317301821573
1249,0.437268482152131,0.7062196270899861
1250,0.40387198077162034,0.6848331146621964
1251,0.42461926527299343,0.6809862421140401
1252,0.44508688341959324,0.7052440424119901
1253,0.4243488389237646,0.6913861147441511
1254,0.38349168849021853,0.6690201841597186
1255,0.39102639796955285,0.6754834588119961
1256,0.4155045396875834,0.6968506033001305
1257,0.395178613392834,0.6753707833380675
1258,0.4153423014987676,0.7024847763631901
1259,0.3935720978460806,0.661775931639861
1260,0.4251746368213821,0.7158957319606394
1261,0.39575884470519584,0.6868197694572588
1262,0.39091620838562025,0.6803379053508376
1263,0.3752843142469977,0.6756462246327407
1264,0.45008547232795537,0.7009678998884035
1265,0.4330490651447436,0.7041969685777862
1266,0.394453524625071,0.6738561803989966
1267,0.4047178887919982,0.6947467940774448
1268,0.41505154744615114,0.6851000112136654
1269,0.4188008634978697,0.6887819390319485
1270,0.3796136245049483,0.6648735456270323
1271,0.3909497645318968,0.6530445483046352
1272,0.45128251546918896,0.7179319002056489
1273,0.4253758426809927,0.6948689629530771
1274,0.38102646382362426,0.639880716432785
1275,0.42755993581990503,0.692944334259855
1276,0.4342294842016674,0.7106314713396662
1277,0.413234712685295,0.6945528789450957
1278,0.4296381009240632,0.6844270899237047
1279,0.38381848995742984,0.6919837266248317
1280,0.4007126512078507,0.6883402258394242
1281,0.39019016114230565,0.6854577697826238
1282,0.4065761046306876,0.6998734385199619
1283,0.3854707210158188,0.6936277939800037
1284,0.4515233355426693,0.7216693179556204
1285,0.3963279530353405,0.6891760009527991
1286,0.44267627605207605,0.7156294835286405
1287,0.4242301048536008,0.6780403607585426
1288,0.4195970346573017,0.6963772706578937
1289,0.42313275166712894,0.6769097849037573
1290,0.38297020904074697,0.6699115618506271
1291,0.4423846023292166,0.6894751818027969
1292,0.4268163490186152,0.6804185474156609
1293,0.33545124332289533,0.6523087209807958
1294,0.41247711519472086,0.6931963321740734
1295,0.4243488389237646,0.6977929533552472
1296,0.41359765256475833,0.6847360280572012
1297,0.4615469414499199,0.6956237298661183
1298,0.4379986865925315,0.7020634309163666
1299,0.3463541850220263,0.6831002790730578
1300,0.38427297939250005,0.6611898408802008
1301,0.39285231897489614,0.7024805529713372
1302,0.3634278599799944,0.6574473924470519
1303,0.3937082301609479,0.6854663954258995
1304,0.36968497318396354,0.6438091676444125
1305,0.36489436387156715,0.6811086640334499
1306,0.44759342138517544,0.7107260156586859
1307,0.3753975629915287,0.6534723789432384
1308,0.45844667362437264,0.707486185451252
1309,0.3808381130374576,0.6602868291855895
1310,0.3941069784730268,0.6868894987032675
1311,0.4255934313576266,0.6756231863554644
1312,0.3938971320605945,0.6835070870559885
1313,0.3920974016426808,0.681609089086872
1314,0.4395459606908161,0.7066752583081279
1315,0.4518777412615621,0.7167687753485218
1316,0.3767743644067797,0.6436991035402782
1317,0.3899258862647573,0.6770803307060478
1318,0.41797637936264476,0.709833417693021
1319,0.392880498994438,0.6774320586652121
1320,0.42540178980032617,0.6787582603773483
1321,0.36117904068145357,0.6574437997471176
1322,0.4011875722728745,0.6880088626740071
1323,0.4675666946031196,0.699881401998534
1324,0.37272107667613275,0.669421926692565
1325,0.41575138179533455,0.6989401970017498
1326,0.4214715222074177,0.7081914820735973
1327,0.41664119940712563,0.6873425889191888
1328,0.3876223709817703,0.6869439679319996
1329,0.43868044190973843,0.6937923423803136
1330,0.4204534631689605,0.7004728618658025
1331,0.42304174959180374,0.7052783289853124
1332,0.41575138179533455,0.6823309212655714
1333,0.3374996955976932,0.6606145462526005
1334,0.35919569489190384,0.6367757867419882
1335,0.4073015105953103,0.6743777043076973
1336,0.36711283095212444,0.6668075267169848
1337,0.42544799991483484,0.7073796912633156
1338,0.4006816347274955,0.6846707453343075
1339,0.40027570199157014,0.6777595935989373
1340,0.3952377964681688,0.6785693676583879
1341,0.43591810934694364,0.7000942229133427
1342,0.4316493956980513,0.7196461674554011
1343,0.4214027463751371,0.7046420994376608
1344,0.40931735934645463,0.7049343740760681
1345,0.4069223170496875,0.6729714182997237
1346,0.40377415251637916,0.6906997816063162
1347,0.4480364844123951,0.7288406591920429
1348,0.41819949439090676,0.7039899872063362
1349,0.38072958240124044,0.6825366055896749
1350,0.40790966757374136,0.6780387450815109
1351,0.3907727989328158,0.6601161743491626
1352,0.40367932218406866,0.691939856349457
1353,0.3867437407032899,0.6853511582581404
1354,0.3924132151343067,0.6670758942736212
1355,0.4168379972753744,0.6874255985219202
1356,0.3838279515962528,0.6646886549812903
1357,0.3799533813958764,0.6845194386765885
1358,0.3883037493742635,0.6739572526006457
1359,0.4485481958891987,0.7154725924315151
1360,0.4205199608621696,0.6756197518498289
1361,0.4459558367913695,0.715061282062265
1362,0.39411847605860506,0.7004817130924039
1363,0.35410537016163335,0.6295791619238298
1364,0.3972177391189421,0.6855800285765756
1365,0.3662551311295932,0.6500937840611127
1366,0.4339771682308464,0.715281631449531
1367,0.3633743715757931,0.6756865748480367
1368,0.38653366051924576,0.6580076484243487
1369,0.3831659520987649,0.6644568328644149
1370,0.418031569409407,0.6705873336136492
1371,0.4380889360380321,0.7253888312644741
1372,0.3782592714014642,0.6985684618994629
1373,0.41788766899836405,0.7175371905463749
1374,0.40000208915693547,0.6858442208598521
1375,0.45504209150814645,0.7093850036649236
1376,0.4657389942473513,0.696897960289925
1377,0.4645543985358134,0.7182843582427798
1378,0.3731715047978469,0.6599091243696041
1379,0.42152012936943006,0.6916535011497661
1380,0.44356054555916635,0.710707238755462
1381,0.3868973361657666,0.6911568768817072
1382,0.4298732504811136,0.6976145313643327
1383,0.38874890328574185,0.6598598293147997
1384,0.3851329174317655,0.6776296113604521
1385,0.39500847151442686,0.684111014948845
1386,0.4104550118589042,0.702070161764461
1387,0.436778469010247,0.7096704426185996
1388,0.4338762727094474,0.7186646019438028
1389,0.34603275492699237,0.6534165582307567
1390,0.4104193025925066,0.6820872881531925
1391,0.4077580495392358,0.6888035616088328
1392,0.37974428152492656,0.6639478472276636
1393,0.3809451758976383,0.6532127958038093
1394,0.4124901710858355,0.6865792924522567
1395,0.40009418780152317,0.6847297094098189
1396,0.32446927404750825,0.6714653776584936
1397,0.4146627932941812,0.6943303059039784
1398,0.3907454322996855,0.67817679542884
1399,0.40588942552085727,0.6842334339205799
1400,0.4461584370494921,0.7249239036510801
1401,0.37608118111219246,0.6736436979071867
1402,0.43682474440989993,0.7048044287781053
1403,0.39473879319771576,0.6858353063447022
1404,0.3946452458923464,0.6660294338349666
1405,0.4453050312089033,0.6910895982144813
1406,0.3938214094318021,0.6480584613679512
1407,0.37198411512053176,0.6514094713634102
1408,0.42778712282892384,0.6990197397070114
1409,0.3926278176848257,0.6863978152701764
1410,0.4077782436504439,0.7136626645122532
1411,0.3990627243407281,0.6664894542377875
1412,0.42550061143342277,0.712205164280727
1413,0.4251062074568207,0.679165801357889
1414,0.37252422592641976,0.6400534075217648
1415,0.42933645833184086,0.7003591839695801
1416,0.4000816360097743,0.7200059027125254
1417,0.34867416262777096,0.6369387818408931
1418,0.39561655057570844,0.683706555597687
1419,0.36968497318396354,0.6680185855114139
1420,0.43592379531254133,0.6965808390417016
1421,0.4449064369924163,0.7135955603172
1422,0.4127090881768545,0.693323619690247
1423,0.43014279071345873,0.6999502686986518
1424,0.4201950925584137,0.6998110454451507
1425,0.3831510523374928,0.6868736123382294
1426,0.4129156645635452,0.6876532705439609
1427,0.3636646131106137,0.6857721681705568
1428,0.4197877318324206,0.6950728979406081
1429,0.41034709681696035,0.6861149141644728
1430,0.4041370614357698,0.6715108436347621
1431,0.3731715047978469,0.6708950736283049
1432,0.4314645765697004,0.7111882703853135
1433,0.4042839755635883,0.6666059310344948
1434,0.39137504504432197,0.6601558295358811
1435,0.39935323674110557,0.6961536542452742
1436,0.4011857763187031,0.7028137039898855
1437,0.36483972472035553,0.6545665158045112
1438,0.4073539264958823,0.7065225983082273
1439,0.42926072087568334,0.7159162326482815
1440,0.388041438698436,0.683146408833254
1441,0.3533107194361834,0.6414106725158777
1442,0.39102639796955285,0.6746476938575676
1443,0.3530784450598753,0.6538391221341883
1444,0.43197073274271447,0.706031161382198
1445,0.4050834361582275,0.6992765984561122
1446,0.4082873936853033,0.6659919107081627
1447,0.3850293935622391,0.6490535275875897
1448,0.40871678556689606,0.6899611566844951
1449,0.4554964393574499,0.7202780490775946
1450,0.4300395760360277,0.709600063803768
1451,0.4226964711083001,0.6858644010912863
1452,0.37348289828764736,0.689609950743884
1453,0.43816682753595193,0.6976950693816362
1454,0.40139213187657075,0.6821762397480711
1455,0.38019839197388117,0.6648160436652606
1456,0.41841556246547396,0.7108136484724374
1457,0.38654284670611827,0.7003545973792902
1458,0.3688918017751657,0.6506457424361609
1459,0.4072071139951856,0.6885474436900001
1460,0.4142753947896485,0.6979304287410217
1461,0.36914067799398964,0.666555193688126
1462,0.4018302305820156,0.6649718176427726
1463,0.4067414826373973,0.7017388257521252
1464,0.3608202682563336,0.6284093218093495
1465,0.3799549907583397,0.690200438841681
1466,0.4090547086495875,0.6830577160464041
1467,0.41974054651579495,0.6921053001533597
1468,0.3965508915456454,0.6749820146200628
1469,0.39465257546842014,0.6825758278511924
1470,0.4313061190460068,0.6943296378533115
1471,0.4182805167694147,0.6837876203276575
1472,0.40532217418138283,0.6971115513633268
1473,0.42313275166712894,0.6890667906659136
1474,0.39395357511535556,0.6726645328047196
1475,0.41885408369233224,0.7059660918013178
1476,0.4226061534420197,0.6892690880546335
1477,0.4433108364936976,0.7142537116476877
1478,0.4009597676060729,0.689395627416034
1479,0.4346072388391793,0.7170493624476597
1480,0.44315191540806753,0.6826735797508412
1481,0.4178942319927177,0.6746483869779669
1482,0.38405570555634483,0.6859429289901358
1483,0.3837528151705092,0.680262747781418
1484,0.41882563819546126,0.6901566964994261
1485,0.42453306278911707,0.7074970477225215
1486,0.35733569764783646,0.6699653345677139
1487,0.4465843175868327,0.7179370963011995
1488,0.4562333614695977,0.7131849078380503
1489,0.44141033189922607,0.7074432172620426
1490,0.41240527473641797,0.6969245576139378
1491,0.39137504504432197,0.6656300437798406
1492,0.3645070589616375,0.6593854055689197
1493,0.41558556180985673,0.7049446252942173
1494,0.4027985757986571,0.6793465524175712
1495,0.34820665836422604,0.651709995154713
1496,0.39046951312928957,0.6963178605383105
1497,0.3806636591575281,0.657871020197784
1498,0.44199937390831345,0.7054447385188374
1499,0.4445332671784822,0.7216767555508257
1500,0.4627167368581251,0.7354618310408453
1501,0.39561655057570844,0.6596260514711423
1502,0.41386746502961924,0.6969182926708484
1503,0.43207474095004794,0.698104812058463
1504,0.4018520630244864,0.6964573993448007
1505,0.4317257453097252,0.694382860251789
1506,0.42032230663610093,0.6847140642357885
1507,0.43009265334208113,0.7004397571511274
1508,0.3658835889560281,0.6437582554474712
1509,0.40578043400388364,0.6759824187191104
1510,0.4387592898738347,0.6951539260913217
1511,0.4420595352777943,0.6862779425806848
1512,0.42433471461730754,0.6919881335330517
1513,0.43720185442107107,0.7179388219387444
1514,0.3939262292425588,0.6810810220805537
1515,0.4205391921471092,0.6706056184874832
1516,0.4041877121862981,0.6730337432689583
1517,0.4445722580133292,0.693332493792854
1518,0.415500761090672,0.6889311546031497
1519,0.422003392841655,0.6655607234809697
1520,0.4490766626582616,0.7171549046227135
1521,0.4461333193792827,0.7052785995652306
1522,0.42405653761311124,0.6978147567337902
1523,0.3987373930109578,0.6822752453648667
1524,0.45462495626734545,0.6958009287274476
1525,0.4324708428117301,0.6919624394969345
1526,0.3940090705670175,0.6741968651816981
1527,0.4122106602917528,0.666832334084532
1528,0.44353563351301717,0.6873922440947762
1529,0.437268482152131,0.7025051223698087
1530,0.4512395523059187,0.7145537142473251
1531,0.40532217418138283,0.7132852119258948
1532,0.4423290368410939,0.7175640630196071
1533,0.409557909115827,0.6880152993182886
1534,0.39567421620787735,0.6677630463362862
1535,0.40613836689623173,0.6870565361762588
1536,0.3646451490799699,0.6547929156997638
1537,0.42244649774285836,0.7011707517387324
1538,0.4447438195198157,0.7166966921779543
1539,0.3844832642212307,0.6973993489103046
1540,0.36821053537665216,0.6712558679197577
1541,0.4355039024612992,0.6941855354378328
1542,0.3977128515538495,0.6661801424744533
1543,0.40353220169641824,0.6804145785395901
1544,0.408332247910397,0.6686308767969277
1545,0.4231143981850143,0.707218242297813
1546,0.34425910731736176,0.6346624768436012
1547,0.3885971616538535,0.6660166199729307
1548,0.35515383906938514,0.6463792140570492
1549,0.40723223077502424,0.6927752395492083
1550,0.3832140130948303,0.6850371570110219
1551,0.37252422592641976,0.6369132381527175
1552,0.37973144285744287,0.6449078631545688
1553,0.4515905161281111,0.7220019035226013
1554,0.43167370387659454,0.6879835809882788
1555,0.40242596871197023,0.6895191701810046
1556,0.4432367526125026,0.7206475798557068
1557,0.38934115610566866,0.6700132113356552
1558,0.4115939832503611,0.6888129953415584
1559,0.36981961974844213,0.6709936946874049
1560,0.4501659150292797,0.7071265155579098
1561,0.43898592485620536,0.7134671742759353
1562,0.37990128155977854,0.6655509942111268
1563,0.41274084034756686,0.6784494262809933
1564,0.450692987430773,0.693344486952974
1565,0.4159538526466656,0.6857420285197015
1566,0.4164037269353352,0.7116239607300558
1567,0.4079665059565948,0.6957790154590525
1568,0.42231871493566653,0.7150867551767293
1569,0.35719177314643014,0.6550221900064126
1570,0.38845115273532893,0.6858810214918305
1571,0.40058615446640466,0.6729038129817576
1572,0.3991656286133487,0.6753393394675549
1573,0.4172147278396017,0.6811816018863286
1574,0.3888136041296101,0.6730556800903151
1575,0.37534064199521777,0.6621068438817351
1576,0.4191626245652803,0.6957416329046102
1577,0.437268482152131,0.7060246896191622
1578,0.39124818995722965,0.6548811340912426
1579,0.4103485491934449,0.6789097407212354
1580,0.41740160515125846,0.6854830158450533
1581,0.4561703758194562,0.7035966238964935
1582,0.3853659857618633,0.6798111986899968
1583,0.4112642154317139,0.685337737161452
1584,0.4014773266429228,0.6769685946030706
1585,0.42682769505556084,0.7087885154734455
1586,0.3898146491557333,0.65229229757332
1587,0.3876223709817703,0.671285270501317
1588,0.422074497649525,0.6952547409104146
1589,0.4158636814748775,0.6751980962003535
1590,0.39675761625875683,0.6943419946670436
1591,0.42910928813688665,0.6790034055376076
1592,0.4394580186440682,0.7018227772124175
1593,0.43527273423473767,0.6984613268279696
1594,0.4079393829992214,0.6693011058204648
1595,0.36312867394637083,0.6655363783278174
1596,0.41870673749690757,0.7105738445862787
1597,0.41021428635625135,0.675173692250652
1598,0.3420887258855707,0.631517603908497
1599,0.37882231284882606,0.6634204999028783
1600,0.4187873157340182,0.7053081441985712
1601,0.36677225791750057,0.6661916997222905
1602,0.3721363455567245,0.6606668455359905
1603,0.3940090705670175,0.6672516735936197
1604,0.4253758426809927,0.6950826492506665
1605,0.34025164466187563,0.6318333243357779
1606,0.4177991644356879,0.6930519346412134
1607,0.3835037635443602,0.6837922228851465
1608,0.41475736424802623,0.6880017051217757
1609,0.39339076246334304,0.6946446256653578
1610,0.4021392150102001,0.6767307363220261
1611,0.4115594810502424,0.6974145720342826
1612,0.4232762536903303,0.7160428133348764
1613,0.4485316290811727,0.7079817427801194
1614,0.4166394498013679,0.6871725950803023
1615,0.3979942169591463,0.711294653745259
1616,0.4606646935378542,0.7329111304256102
1617,0.3636616968376395,0.7003837137694611
1618,0.4148489550249398,0.7132308478577758
1619,0.37272863342939067,0.669880366508594
1620,0.40424123715714066,0.6844613229324279
1621,0.460507155985984,0.7170462027799909
1622,0.43572834294142715,0.6971178427032909
1623,0.37504121350957875,0.6644160422793255
1624,0.34611249040093517,0.6453355007538514
1625,0.4382378052557724,0.6868477870279903
1626,0.41134199290524964,0.6838752853504853
1627,0.35797736214293774,0.6746914681855529
1628,0.37223244420215607,0.673355849902939
1629,0.43529415314210074,0.6991148189892511
1630,0.346807914254493,0.6432443998149797
1631,0.3875567362851753,0.6773187069681571
1632,0.43907882349434857,0.6759794182388852
1633,0.42214096634327625,0.6788588091335277
1634,0.45009969137025707,0.6959590475651839
1635,0.3655050278255759,0.6663055285097088
1636,0.41067591895537425,0.6836151003226971
1637,0.35146591835260854,0.6627747596709417
1638,0.42931387071227034,0.6919876303091095
1639,0.4043522413127557,0.6514923559181541
1640,0.43348368067712895,0.6866475829674455
1641,0.40962029246200393,0.6735753981049399
1642,0.43207474095004794,0.693720203197294
1643,0.42297359498944187,0.6836981553722756
1644,0.42933645833184086,0.7114296162144591
1645,0.43499390753270817,0.7027711749203129
1646,0.41698913065378973,0.6786837823797365
1647,0.41214173057250814,0.7068171548616359
1648,0.35905384606891666,0.6637965842518694
1649,0.411338292813866,0.6961933305933574
1650,0.3896342915888319,0.6667693700460624
1651,0.3888136041296101,0.702118053054712
1652,0.4130248262822681,0.6777890314301436
1653,0.42225300830415213,0.7037709674681962
1654,0.3688918017751657,0.6379171428762787
1655,0.38376268744690045,0.6672339016213256
1656,0.4212864386634554,0.6958248218907677
1657,0.4146091892696274,0.711057984235391
1658,0.44533491470537945,0.6997108923075201
1659,0.4043522413127557,0.6847378391088259
1660,0.4072717631551186,0.6777612283906567
1661,0.43537243204977283,0.6718381749065808
1662,0.42050120140752356,0.6874542717668157
1663,0.42455016840200255,0.7021746909669742
1664,0.41380820872687074,0.6844369355406406
1665,0.42214096634327625,0.6903013085668493
1666,0.4166743253748735,0.6872898846086312
1667,0.43348368067712895,0.7281178265427977
1668,0.35246821900566383,0.6636316047479688
1669,0.39940389226459616,0.6999783457554254
1670,0.3753975629915287,0.640452407311692
1671,0.40183244470090085,0.6934321380202915
1672,0.42682769505556084,0.6968545388147581
1673,0.4016360037434429,0.6803070963087652
1674,0.4542377986727608,0.7097900142400636
1675,0.4555643350533287,0.7203110042433181
1676,0.43542911580365484,0.70821245592093
1677,0.38956387362322453,0.6935065720635001
1678,0.40609591591379723,0.6885094295764078
1679,0.40628750379041867,0.6770895412334805
1680,0.38122102414856507,0.6605680020501581
1681,0.38672712263319,0.6724402964870491
1682,0.4411846763137579,0.6717389711355299
1683,0.42540178980032617,0.6886400371437844
1684,0.46108438077425173,0.7066040290219326
1685,0.4069767392152627,0.6795890918984404
1686,0.39474710159202064,0.6582544975028939
1687,0.372633831292404,0.6922251569346718
1688,0.4046306206834389,0.6717667944696193
1689,0.4627167368581251,0.7277897666300638
1690,0.34603275492699237,0.6463358286850291
1691,0.44301614631747954,0.6894345208867685
1692,0.3910790928149418,0.6851701129927803
1693,0.41037368418670406,0.682838887040043
1694,0.4291639160818024,0.6953904021154702
1695,0.43343465544330184,0.7102970234540216
1696,0.42551440363585935,0.6972969085392652
1697,0.35271152753225454,0.6623131440342966
1698,0.4065288176352403,0.6638225280547805
1699,0.41471416021320795,0.692913503411962
1700,0.3812359921894728,0.67076445436863
1701,0.46476909369778563,0.7140649146491538
1702,0.44249865983613124,0.7122256796048037
1703,0.43592379531254133,0.6653300024024488
1704,0.4274747893842029,0.6983234342933559
1705,0.4095347072403951,0.7000544679791637
1706,0.4669742900104108,0.7237090321088429
1707,0.43815630720197263,0.7061833587238793
1708,0.4277293095726672,0.7001865431997094
1709,0.4112158356000396,0.6829946684095438
1710,0.41089320908919,0.6873163791793395
1711,0.42479077711660007,0.6931256654986349
1712,0.4515905161281111,0.7122543899015684
1713,0.37610065702383366,0.6803345535537986
1714,0.45981325197276524,0.7198610622375536
1715,0.3859165959242229,0.6870355242498973
1716,0.4337593104470594,0.6911269578395665
1717,0.402145475967449,0.6850383004521826
1718,0.4458395340363611,0.7229771070832794
1719,0.39745232584742596,0.688493626674872
1720,0.3900908647666326,0.6938839166399747
1721,0.446892340997767,0.7048133514983281
1722,0.4140892101792344,0.6982321949268171
1723,0.42837926862560816,0.7040350529623635
1724,0.3881231305888704,0.6686328325371571
1725,0.4063220317592058,0.6832217540738108
1726,0.45209893275160185,0.6860153473570154
1727,0.37744269443899814,0.6959511617148698
1728,0.4030631786707183,0.692779806740919
1729,0.3975075009197504,0.6902195485721715
1730,0.36098205836510877,0.6332322653786042
1731,0.37373283670651136,0.6498323896203072
1732,0.39507294676186033,0.6592827444153484
1733,0.4015013613422176,0.6846319763813714
1734,0.3955451022785217,0.6501456030162391
1735,0.4138731295492911,0.7041998272870624
1736,0.38003627307765486,0.6804865203755242
1737,0.3784887798036465,0.6724932387667352
1738,0.389120992245494,0.6580375637442022
1739,0.37966196228275595,0.6643344920599437
1740,0.3662551311295932,0.6766330184250888
1741,0.41842849802710014,0.6935028093275895
1742,0.3921071402388443,0.6808309635048795
1743,0.40181508854007975,0.7042115866967293
1744,0.46108438077425173,0.7101996418490439
1745,0.3777558014035497,0.6520977505706897
1746,0.34244903342588606,0.6354446519745267
1747,0.4284329696514745,0.7044988714196395
1748,0.441891843008938,0.6909835604103021
1749,0.366090033005951,0.6694568808286928
1750,0.42329712054004465,0.6855631652807395
1751,0.4265198332269313,0.6914385466983285
1752,0.39220278209990056,0.688601187726918
1753,0.421802875270995,0.7022450113778492
1754,0.3964740950602019,0.6855901950321546
1755,0.42721594320813505,0.7086131874489674
1756,0.4410212318764857,0.7232959462022539
1757,0.33430541423902216,0.6838457470462187
1758,0.42554878720586764,0.6986058437412307
1759,0.38609332649939865,0.6780336451866293
1760,0.39626699853645087,0.6790294287707529
1761,0.3882401655859846,0.6732065861110069
1762,0.44331384761471804,0.7165628483252517
1763,0.4131305515767506,0.6746064802905408
1764,0.46397912946929265,0.6970605038612337
1765,0.4094610141699664,0.7093106728864508
1766,0.4369524378761098,0.6976405879161478
1767,0.40403917266148626,0.7006234493141683
1768,0.40709676800211203,0.7093398786004566
1769,0.3461302687863116,0.6569878524434174
1770,0.33576343151307764,0.6565255210653145
1771,0.41187967953223337,0.6694184787500864
1772,0.3781678064439332,0.6564007588611245
1773,0.4128343644630893,0.6890225019668885
1774,0.4252448969474748,0.7018812546893456
1775,0.3844832642212307,0.6885541947605802
1776,0.3886895421378892,0.6777329243712924
1777,0.41784230983158044,0.6981745792170069
1778,0.4196250250745237,0.6983977556985751
1779,0.42544799991483484,0.6991026471432584
1780,0.4193023204988874,0.7003992085365061
1781,0.3714404676084103,0.6487318346521607
1782,0.4295123974696228,0.7020229230791517
1783,0.4086564901515388,0.6941869471732061
1784,0.4043191399780105,0.6786033092867076
1785,0.4167211014745078,0.6991797355238543
1786,0.44298304710428305,0.7083932489454172
1787,0.39962843439789275,0.7100272961423733
1788,0.40026068326914577,0.6993769605175847
1789,0.3685569009013906,0.6583107154574219
1790,0.3806636591575281,0.6760527125351081
1791,0.4497931957795184,0.7060548767236302
1792,0.40723223077502424,0.6869662471337223
1793,0.4422518054532535,0.7090494793253501
1794,0.38956387362322453,0.6896834806806905
1795,0.37218526593122125,0.6463618433720439
1796,0.4047178887919982,0.6777734206119035
1797,0.3841939741325995,0.6678006162578666
1798,0.3576999939499321,0.6840594571249995
1799,0.45832385483243676,0.7165155718341287
1800,0.40106846725668444,0.6795594206223446
1801,0.422811996390428,0.6879193850724328
1802,0.41645434619289945,0.6927718353051447
1803,0.4193769466914836,0.6965641496803362
1804,0.4097057905677328,0.6834868692240991
1805,0.42694352315413975,0.6854544445857863
1806,0.3886340835005936,0.6740526472168786
1807,0.41755010607406373,0.7095140904879544
1808,0.3914072340355118,0.6865320425987261
1809,0.4056824168585066,0.6719383268952452
1810,0.41221989943415727,0.6977236956590486
1811,0.4205199608621696,0.6921644261110396
1812,0.3685569009013906,0.6737270008650523
1813,0.35522981684915245,0.6522494898660526
1814,0.37642287255879736,0.6507863678530368
1815,0.40503456977711927,0.6645074643914123
1816,0.37720868208256475,0.670021975136309
1817,0.3993702535615701,0.6668965312429144
1818,0.41753724956886995,0.6808656454163193
1819,0.42509036766352915,0.6936666446904936
1820,0.4484210600219225,0.7042393387333876
1821,0.38189018734218105,0.6910420491328042
1822,0.40268711842701477,0.6722072376498108
1823,0.39482355268968283,0.6967769058638837
1824,0.4226061534420197,0.6708808179459587
1825,0.4288089240612978,0.7044374050798836
1826,0.3937082301609479,0.6691047951634846
1827,0.4054638647480061,0.696831710720105
1828,0.38381848995742984,0.6865372057232884
1829,0.4189664294507178,0.6997716540268796
1830,0.42598768085954497,0.6892548594876022
1831,0.37894684656367117,0.6851028626764167
1832,0.4042952800277889,0.6928609464211833
1833,0.40026068326914577,0.6633635505022764
1834,0.36892235935453155,0.6673211409275983
1835,0.4072404006118152,0.6545063193241294
1836,0.43167370387659454,0.6818645670944516
1837,0.4356501133765738,0.707179731256501
1838,0.43287181878880276,0.7123684442722993
1839,0.4366804978855747,0.7007556911922115
1840,0.439100098044819,0.7323238388274722
1841,0.44430839203677486,0.6935491266233325
1842,0.4173800855704368,0.6968356519654317
1843,0.36307904786707357,0.6444670241865346
1844,0.4243258181509756,0.6947868524559266
1845,0.3976874021524883,0.7001115641855116
1846,0.3785954393289679,0.6758923480842022
1847,0.4093099000338053,0.6813551560031736
1848,0.389903553269478,0.6530662139667062
1849,0.3256986547459284,0.6428529698583549
1850,0.37534064199521777,0.6612610873998528
1851,0.4102348317391401,0.689134178948276
1852,0.4117291676121061,0.7051396737663564
1853,0.4292120431402946,0.680382246313374
1854,0.41765378566365396,0.6919258250857536
1855,0.3301249999999999,0.6577648778172196
1856,0.366876938968167,0.6555334580378587
1857,0.37732672750977825,0.671402267158113
1858,0.4366968081129332,0.6908596913206037
1859,0.42225300830415213,0.7031436287462876
1860,0.4331824086328372,0.6880076106242381
1861,0.4186820443103215,0.7007245882794374
1862,0.37781337449027197,0.6930345375011839
1863,0.40892202212063666,0.6759497470225372
1864,0.35246821900566383,0.6650184104768122
1865,0.45981325197276524,0.7246544446058549
1866,0.40785305594336396,0.7065527217449964
1867,0.3658488791689447,0.6601860462622796
1868,0.41802275423158053,0.6770012377867947
1869,0.40803430470262425,0.7159564541557906
1870,0.40995764477105234,0.6896861220792619
1871,0.43799730232138145,0.6960150568985242
1872,0.38179030529156976,0.660860551420582
1873,0.43909470072263124,0.7144854166686122
1874,0.43101712446845164,0.6913170778736942
1875,0.394453524625071,0.6741998283509424
1876,0.3755094649153642,0.7010650377878422
1877,0.4313930211065481,0.7056725094355756
1878,0.43343465544330184,0.6840539531692457
1879,0.3890027437114605,0.6605452536365357
1880,0.3478558125905544,0.6442056333042667
1881,0.4072874320047638,0.692577514586359
1882,0.3924132151343067,0.679951709673374
1883,0.38535313694071227,0.6725994756550624
1884,0.44164741843103306,0.7155762299971611
1885,0.37990128155977854,0.6592610657783711
1886,0.4057165748847643,0.6927701956544479
1887,0.34683967967724083,0.621456043688589
1888,0.4055751588494261,0.6960842477318729
1889,0.38621141964967753,0.6545292191299539
1890,0.41815615585131993,0.6998451941807929
1891,0.4057618601258831,0.672431417657656
1892,0.4243488389237646,0.6807395544302008
1893,0.43433395862186996,0.6986627153081713
1894,0.41922871188975375,0.6921541415777422
1895,0.43384464133365774,0.6880470571169988
1896,0.3690626972666756,0.6760738780776347
1897,0.39877049075113635,0.6551417099681455
1898,0.45204665742190453,0.6980929374053537
1899,0.3119012605414154,0.6103800085706788
1900,0.4277204978982342,0.6849739078839185
1901,0.40525299102691925,0.6754809759449074
1902,0.3888249800611616,0.6637897022007359
1903,0.36667097332782683,0.661463178953508
1904,0.38168701452005727,0.6707822626283088
1905,0.39642706731190924,0.6680039735943026
1906,0.36916801412041766,0.6648015682066957
1907,0.41187495242792305,0.7257412571052886
1908,0.43307098582335546,0.7047346360410283
1909,0.41769954356950567,0.7125954381855026
1910,0.4313930211065481,0.6780828549639627
1911,0.4361416058447153,0.7194712060362478
1912,0.4077782436504439,0.6816610400486228
1913,0.4052693773755782,0.674221594634939
1914,0.39844055156891234,0.6774166710719187
1915,0.38733736404184804,0.6912657920125163
1916,0.3529331900305438,0.6537222910762046
1917,0.42308428000679477,0.6891569915319917
1918,0.42479077711660007,0.6881352477518756
1919,0.4026532130797663,0.6684414966825919
1920,0.42406857736306536,0.6841235714980968
1921,0.4418647273045577,0.70587220260301
1922,0.4548466234033971,0.7037135281543745
1923,0.38887207100616983,0.6979361512370881
1924,0.4027764925723236,0.6840437838204416
1925,0.4087064562862609,0.6975780130833134
1926,0.4111366378647143,0.6926740492944907
1927,0.3818851109843412,0.6837750327772333
1928,0.41555917141932164,0.7175508537658052
1929,0.41212910786674595,0.6989993288859575
1930,0.41688968705735197,0.6933592813590533
1931,0.45246599779681895,0.7203511819433048
1932,0.3884069146713437,0.6855744079932705
1933,0.4243507750698454,0.6811834064772258
1934,0.38198434290156,0.6547243406290828
1935,0.4025178938238294,0.6650873054035448
1936,0.40181508854007975,0.6876095256619249
1937,0.4292475881466944,0.7206084222819256
1938,0.3471465178681963,0.6232835961440608
1939,0.3958421882149574,0.6720632253975092
1940,0.41271599965085914,0.6785926842757974
1941,0.4239876878469413,0.7104627218147592
1942,0.4057937924087164,0.7047647424231273
1943,0.410225148807726,0.70131405249788
1944,0.41193353349700546,0.64787093238147
1945,0.4055765546170851,0.6679645665627005
1946,0.4103848814961545,0.6810308768560547
1947,0.40148613135444267,0.6860562529630951
1948,0.4273243627190416,0.6899599621892932
1949,0.39699318814247175,0.684179161130875
1950,0.46889675213471194,0.7069782262847136
1951,0.4057628788354839,0.6584097038492841
1952,0.38670258447584493,0.6843093749912075
1953,0.33361661734754977,0.6442521233145375
1954,0.36904568703564256,0.6622878786723552
1955,0.4675565182212684,0.714063313920068
1956,0.4042690874912416,0.6807233439816286
1957,0.3966128452891722,0.6850179157068066
1958,0.4054362450885346,0.6919581543206295
1959,0.38242838328022133,0.682115857402145
1960,0.4050438972398268,0.6845548075542297
1961,0.41365709707540566,0.6687244900882058
1962,0.42319642923391276,0.7138985835609539
1963,0.43976668177938316,0.7101557874071142
1964,0.3364782944396426,0.6491598211264513
1965,0.3721363455567245,0.6680447382887735
1966,0.35147421833699144,0.6742506304173137
1967,0.3966128452891722,0.6790375887152891
1968,0.4100927250808386,0.6622664487323888
1969,0.4060408013435842,0.6992924288394793
1970,0.4118185679121906,0.6966107311568893
1971,0.46294205470289407,0.7142633435769836
1972,0.3848026919102978,0.6960533233754627
1973,0.3898189706416797,0.6823785733905605
1974,0.40149485495830284,0.668356386755185
1975,0.39520447969536987,0.6730024224115584
1976,0.3979201890032249,0.6759175973916768
1977,0.47107197204844387,0.723421977167431
1978,0.4146081510442896,0.6786871138866912
1979,0.43285698650168847,0.7112768734524797
1980,0.3871283058057198,0.6260403285415832
1981,0.43421684540657834,0.693037627012802
1982,0.4173346868519031,0.696256961099701
1983,0.4263527295504552,0.6948558012875723
1984,0.4101435373690828,0.6799652919743359
1985,0.3888726001306575,0.675094327674103
1986,0.42206962804397496,0.675719871505001
1987,0.40180510979658657,0.7014495582198216
1988,0.42975431270762243,0.7069121075760503
1989,0.44190842443496925,0.7263663867165153
1990,0.3879526412240438,0.6718315401098895
1991,0.3939262292425588,0.6883459080396933
1992,0.40050674195339564,0.6531079220111059
1993,0.44832542381370155,0.7148023153535434
1994,0.42768644577188086,0.6914041374580748
1995,0.4526458784434759,0.7098058523257236
1996,0.43816682753595193,0.700224278443316
1997,0.3996743261481678,0.6939443080417924
1998,0.3946005425951864,0.6774796140690067
1999,0.39325483162897823,0.6606056586890277
2000,0.37647266207373664,0.6831921970932885
